length	kappa
0.017963959082536105	8.567983199899585
0.036913880515213056	7.658395694530731
0.04631198045455816	4.655715403875664
0.03740341779003462	4.123004888706522
0.055683146744951	6.06528905201547
0.011126340283481074	4.5488328477340225
0.056054462140388846	6.766508760046179
0.1763117487429474	5.839503154853949
0.004492948095290928	5.240246510894807
0.014557179863807333	8.284832076653757
